{"cameraMode":{"drawMode":0,"name":"Shaded","section":"Shading Mode"},"sceneLighting":true,"audioPlay":false,"sceneViewState":{"m_AlwaysRefresh":false,"showFog":true,"showSkybox":true,"showFlares":true,"showImageEffects":true,"showParticleSystems":true,"showVisualEffectGraphs":true,"m_FxEnabled":true},"in2DMode":false,"pivot":{"x":22.114473342895509,"y":-139.62461853027345,"z":334.46087646484377},"rotation":{"x":-0.2013682872056961,"y":-0.022921474650502206,"z":0.004712591413408518,"w":-0.9792416095733643},"size":210.48312377929688,"orthographic":false}